<?xml version="1.0" encoding="UTF-8" standalone="yes"?>
<addon 	id="repository.EKC" 
		name="[COLOR dodgerblue]EKC[/COLOR]Repository" 
		version="1.0" 
		provider-name="EKC">
	<extension point="xbmc.addon.repository" name="EKC: Repository">
		<info compressed="false">https://raw.githubusercontent.com/ekc4kodi/repo/master/_repo/addons.xml</info>
		<checksum>https://raw.githubusercontent.com/ekc4kodi/repo/master/_repo/addons.xml.md5</checksum>
		<datadir zip="true">https://raw.githubusercontent.com/ekc4kodi/repo/master/_repo/</datadir>
	</extension>
	<extension point="xbmc.addon.metadata">
		<summary>EKC Repository</summary>
		<description>This repository has the Wizards and Addons By EKC</description>
		<platform>all</platform>
	</extension>
</addon>