<?xml version="1.0" encoding="UTF-8" standalone="yes"?>
<addon id="plugin.program.EKCWizard" name="EKC Wizard" version="1.1" provider-name="Andrew">
  <requires>
    <import addon="xbmc.python" version="2.1.0"/>
  </requires>
  <extension point="xbmc.python.pluginsource" library="default.py">
    <provides>executable</provides>
  </extension>
  <extension point="xbmc.service" library="startup.py" start="startup" />
  <extension point="xbmc.addon.metadata">
    <summary lang="en">EKC Wizard</summary>
    <description lang="en">EKC Wizard, Gives you access to our custom builds, apks and full save data options!</description>
    <platform>all</platform>
  </extension>
</addon>