<?xml version="1.0" encoding="UTF-8" standalone="yes"?>
<addon id="plugin.program.ekc_wizard" name="[COLOR dodgerblue]EKC[/COLOR] [COLOR white]Wizard[/COLOR]" version="1.0.0" BAWversion="1.0.1" provider-name="Elite Kustom Config">
  <requires>
    <import addon="xbmc.python" version="2.1.0"/>
	<import addon="script.module.addon.common" />
  </requires>
  <extension point="xbmc.python.pluginsource" library="default.py">
        <provides>executable</provides>
  </extension>
  <extension point="xbmc.service" library="service.py" start="startup" />
  <extension point="xbmc.addon.metadata">
    <summary lang="en"></summary>
    <description lang="en">Elite Kustom Config's Wizard</description>
    <platform>all</platform>
  </extension>
</addon>
